sku,name,description,price_usd,category_id,brand_id,image_url,stock_qty
PHN-001,NeonTech Aurora 5G,Flagship 6.7-inch OLED smartphone,1099.00,1,1,https://cdn.neoncart.local/img/phn-001.jpg,47
PHN-002,NeonTech Aurora Mini,Compact 5.4-inch 5G phone,899.00,1,1,https://cdn.neoncart.local/img/phn-002.jpg,32
PHN-003,BlueWave Tide Pro,6.5-inch wave-display phone,849.00,5,2,https://cdn.neoncart.local/img/phn-003.jpg,21
PHN-004,BlueWave Tide Lite,Budget-friendly 5G handset,499.00,5,2,https://cdn.neoncart.local/img/phn-004.jpg,88
PHN-005,AstroByte Nova X,Astro-imaging triple-camera phone,1199.00,5,3,https://cdn.neoncart.local/img/phn-005.jpg,19
PHN-006,AstroByte Nova X Plus,Larger 6.9-inch Nova X,1349.00,5,3,https://cdn.neoncart.local/img/phn-006.jpg,12
PHN-007,Voltura SparkOne,Long-battery 5G phone,649.00,5,5,https://cdn.neoncart.local/img/phn-007.jpg,64
PHN-008,Synthlex Helix 12,AI-camera 6.4-inch phone,999.00,5,6,https://cdn.neoncart.local/img/phn-008.jpg,38
PHN-009,Quantix Q-Phone,Quantum-secured messaging phone,1099.00,5,7,https://cdn.neoncart.local/img/phn-009.jpg,9
PHN-010,Pulsewave Rhythm 8,Music-tuned smartphone,579.00,5,8,https://cdn.neoncart.local/img/phn-010.jpg,53
PHN-011,Korium Edge,Edgeless 6.7-inch screen phone,849.00,5,9,https://cdn.neoncart.local/img/phn-011.jpg,27
PHN-012,Halcyon Stillwater,Minimalist non-distracting phone,699.00,5,10,https://cdn.neoncart.local/img/phn-012.jpg,41
PHN-013,Driftloop Loop X,Foldable 7-inch phone,1499.00,5,11,https://cdn.neoncart.local/img/phn-013.jpg,7
PHN-014,Nexora Pulse 7,Refresh-rate 144Hz gaming phone,899.00,5,12,https://cdn.neoncart.local/img/phn-014.jpg,22
PHN-015,Stellaron StarLine S,Premium titanium frame phone,1599.00,5,13,https://cdn.neoncart.local/img/phn-015.jpg,6
PHN-016,Vireo Verdant V,Eco-friendly recycled materials phone,699.00,5,15,https://cdn.neoncart.local/img/phn-016.jpg,30
PHN-017,Cobaltic Indigo 3,Cobalt-tone 5G phone,599.00,5,17,https://cdn.neoncart.local/img/phn-017.jpg,35
PHN-018,Magnetar M9,Magnetic-mount phone,749.00,5,16,https://cdn.neoncart.local/img/phn-018.jpg,24
PHN-019,Photonix Glow,Self-illuminating bezel phone,999.00,5,21,https://cdn.neoncart.local/img/phn-019.jpg,14
PHN-020,Kaleidos Spectrum,Color-shifting back glass phone,849.00,5,25,https://cdn.neoncart.local/img/phn-020.jpg,18
LAP-001,NeonTech Apex 14,14-inch slim laptop,1499.00,2,1,https://cdn.neoncart.local/img/lap-001.jpg,30
LAP-002,NeonTech Apex 16,16-inch creator laptop,2199.00,2,1,https://cdn.neoncart.local/img/lap-002.jpg,18
LAP-003,NeonTech Apex Studio,High-end workstation laptop,2999.00,2,1,https://cdn.neoncart.local/img/lap-003.jpg,8
LAP-004,BlueWave Surf 13,Lightweight ultrabook,1099.00,2,2,https://cdn.neoncart.local/img/lap-004.jpg,42
LAP-005,BlueWave Surf 15,Mid-range 15-inch laptop,1299.00,2,2,https://cdn.neoncart.local/img/lap-005.jpg,33
LAP-006,AstroByte AstroBook 14,Developer-tuned laptop,1799.00,2,3,https://cdn.neoncart.local/img/lap-006.jpg,17
LAP-007,AstroByte AstroBook Pro 16,High-perf creator laptop,2499.00,2,3,https://cdn.neoncart.local/img/lap-007.jpg,10
LAP-008,LumenWorks Lumen 13,OLED-display 13-inch laptop,1399.00,2,4,https://cdn.neoncart.local/img/lap-008.jpg,21
LAP-009,LumenWorks Lumen 15,OLED 15-inch ultrabook,1699.00,2,4,https://cdn.neoncart.local/img/lap-009.jpg,19
LAP-010,Voltura SparkBook,Budget 14-inch student laptop,699.00,2,5,https://cdn.neoncart.local/img/lap-010.jpg,72
LAP-011,Voltura SparkBook Pro,15-inch mid-tier laptop,999.00,2,5,https://cdn.neoncart.local/img/lap-011.jpg,46
LAP-012,Quantix Q-Book 14,AI-accelerated laptop,2299.00,2,7,https://cdn.neoncart.local/img/lap-012.jpg,12
LAP-013,Synthlex Helix Book,14-inch convertible laptop,1599.00,2,6,https://cdn.neoncart.local/img/lap-013.jpg,15
LAP-014,Pulsewave Rhythm Book,Audio-tuned laptop,1199.00,2,8,https://cdn.neoncart.local/img/lap-014.jpg,26
LAP-015,Korium Edge Notebook,Edgeless 14-inch notebook,1299.00,2,9,https://cdn.neoncart.local/img/lap-015.jpg,23
LAP-016,Halcyon Calm 13,Silent fanless laptop,1199.00,2,10,https://cdn.neoncart.local/img/lap-016.jpg,29
LAP-017,Nexora Pulse Gaming 15,Gaming 15-inch laptop,1899.00,2,12,https://cdn.neoncart.local/img/lap-017.jpg,16
LAP-018,Nexora Pulse Gaming 17,Gaming 17-inch laptop,2399.00,2,12,https://cdn.neoncart.local/img/lap-018.jpg,9
LAP-019,Stellaron Titan 16,Premium 16-inch titanium laptop,2799.00,2,13,https://cdn.neoncart.local/img/lap-019.jpg,6
LAP-020,Driftloop Fold Book,Foldable-screen laptop,2999.00,2,11,https://cdn.neoncart.local/img/lap-020.jpg,5
DSK-001,NeonTech Cube Desktop,Compact desktop PC,1199.00,2,1,https://cdn.neoncart.local/img/dsk-001.jpg,22
DSK-002,NeonTech Tower Pro,Full-tower workstation,2499.00,2,1,https://cdn.neoncart.local/img/dsk-002.jpg,11
DSK-003,Nexora Pulse Tower,Gaming desktop tower,2199.00,2,12,https://cdn.neoncart.local/img/dsk-003.jpg,13
DSK-004,Quantix Q-Workstation,AI inference workstation,4999.00,2,7,https://cdn.neoncart.local/img/dsk-004.jpg,4
DSK-005,Stellaron Citadel,High-end gaming desktop,3499.00,2,13,https://cdn.neoncart.local/img/dsk-005.jpg,7
DSK-006,BlueWave Wave Mini PC,Tiny form-factor PC,699.00,2,2,https://cdn.neoncart.local/img/dsk-006.jpg,38
DSK-007,AstroByte AstroCube,Developer-cube mini PC,899.00,2,3,https://cdn.neoncart.local/img/dsk-007.jpg,25
DSK-008,Halcyon Quiet PC,Silent passive-cooled desktop,1499.00,2,10,https://cdn.neoncart.local/img/dsk-008.jpg,14
PER-001-KBD,NeonTech Glow Keyboard,RGB mechanical keyboard,129.00,3,1,https://cdn.neoncart.local/img/per-001-kbd.jpg,55
PER-002-KBD,NeonTech Glow Keyboard TKL,Tenkeyless RGB keyboard,119.00,3,1,https://cdn.neoncart.local/img/per-002-kbd.jpg,47
PER-003-KBD,BlueWave Tactile Keyboard,Tactile-switch mechanical keyboard,99.00,3,2,https://cdn.neoncart.local/img/per-003-kbd.jpg,68
PER-004-KBD,AstroByte Compact 60,60-percent compact keyboard,89.00,3,3,https://cdn.neoncart.local/img/per-004-kbd.jpg,71
PER-005-KBD,Synthlex Split Keyboard,Ergonomic split mechanical,179.00,3,6,https://cdn.neoncart.local/img/per-005-kbd.jpg,18
PER-006-KBD,Korium Edge Keyboard,Low-profile aluminium keyboard,149.00,3,9,https://cdn.neoncart.local/img/per-006-kbd.jpg,33
PER-007-KBD,Halcyon Whisper Keyboard,Silent linear-switch keyboard,129.00,3,10,https://cdn.neoncart.local/img/per-007-kbd.jpg,29
PER-001-MOUSE,NeonTech Wireless Mouse,Ergonomic wireless mouse,49.00,3,1,https://cdn.neoncart.local/img/per-001-mouse.jpg,124
PER-002-MOUSE-WIRELESS,BlueWave Drift Mouse,Multi-device wireless mouse,59.00,3,2,https://cdn.neoncart.local/img/per-002-mouse-wireless.jpg,98
PER-003-MOUSE-GAMING,Nexora Pulse Gaming Mouse,Lightweight 8K-poll gaming mouse,89.00,3,12,https://cdn.neoncart.local/img/per-003-mouse-gaming.jpg,76
PER-004-MOUSE-ERGO,Synthlex Ergo Mouse,Vertical ergonomic mouse,79.00,3,6,https://cdn.neoncart.local/img/per-004-mouse-ergo.jpg,54
PER-005-MOUSE-COMPACT,Halcyon Mini Mouse,Portable travel mouse,39.00,3,10,https://cdn.neoncart.local/img/per-005-mouse-compact.jpg,86
PER-001-TRACKBALL,Argentic Argent Trackball,Thumb-operated trackball,99.00,3,18,https://cdn.neoncart.local/img/per-001-trackball.jpg,22
PER-002-TRACKBALL,Veridian Eco Trackball,Recycled-plastic trackball,79.00,3,30,https://cdn.neoncart.local/img/per-002-trackball.jpg,17
PER-001-CAM,LumenWorks 4K Webcam,4K UHD webcam,179.00,3,4,https://cdn.neoncart.local/img/per-001-cam.jpg,41
PER-002-CAM,LumenWorks 1080p Webcam,1080p HD webcam,79.00,3,4,https://cdn.neoncart.local/img/per-002-cam.jpg,73
PER-003-CAM,Photonix Pro Streaming Cam,Streamer-grade webcam,249.00,3,21,https://cdn.neoncart.local/img/per-003-cam.jpg,19
PER-001-PAD,Aether Desk Mat XL,Extra-large desk mat,39.00,3,28,https://cdn.neoncart.local/img/per-001-pad.jpg,112
PER-002-PAD,Aether Desk Mat M,Medium desk mat,29.00,3,28,https://cdn.neoncart.local/img/per-002-pad.jpg,158
PER-003-PAD,Nexora Pulse Gaming Mat,Hard-surface gaming mouse mat,49.00,3,12,https://cdn.neoncart.local/img/per-003-pad.jpg,67
PER-001-HUB,Cobaltic USB-C Hub,7-in-1 USB-C hub,69.00,3,17,https://cdn.neoncart.local/img/per-001-hub.jpg,89
PER-002-HUB,Cobaltic Thunderbolt Dock,Thunderbolt 4 dock,299.00,3,17,https://cdn.neoncart.local/img/per-002-hub.jpg,16
PER-001-STAND,Crestform Laptop Stand,Aluminium laptop stand,59.00,3,22,https://cdn.neoncart.local/img/per-001-stand.jpg,82
PER-002-STAND,Crestform Monitor Arm,Single-monitor articulating arm,129.00,3,22,https://cdn.neoncart.local/img/per-002-stand.jpg,38
PER-003-STAND,Crestform Dual Monitor Arm,Dual-monitor articulating arm,179.00,3,22,https://cdn.neoncart.local/img/per-003-stand.jpg,22
PER-001-MIC,Pulsewave Studio Mic,USB condenser microphone,179.00,3,8,https://cdn.neoncart.local/img/per-001-mic.jpg,28
PER-002-MIC,Echelon Boom Mic,Broadcast XLR microphone,299.00,3,14,https://cdn.neoncart.local/img/per-002-mic.jpg,11
PER-003-MIC,Pulsewave Pod Mic,Podcasting USB microphone,129.00,3,8,https://cdn.neoncart.local/img/per-003-mic.jpg,42
AUD-001,Echelon Reverb Over-Ear,Over-ear ANC headphones,299.00,4,14,https://cdn.neoncart.local/img/aud-001.jpg,33
AUD-002,Echelon Reverb Pro,Studio-grade headphones,449.00,4,14,https://cdn.neoncart.local/img/aud-002.jpg,18
AUD-003,Pulsewave Air Earbuds,True-wireless earbuds,149.00,4,8,https://cdn.neoncart.local/img/aud-003.jpg,87
AUD-004,Pulsewave Air Pro,Premium ANC earbuds,229.00,4,8,https://cdn.neoncart.local/img/aud-004.jpg,46
AUD-005,BlueWave Tide Earbuds,Sport earbuds with hooks,99.00,4,2,https://cdn.neoncart.local/img/aud-005.jpg,103
AUD-006,LumenWorks Glow Headphones,RGB-lit gaming headset,179.00,4,4,https://cdn.neoncart.local/img/aud-006.jpg,29
AUD-007,LumenWorks Glow Headset Pro,Wireless gaming headset,229.00,4,4,https://cdn.neoncart.local/img/aud-007.jpg,21
AUD-008,Halcyon Hush ANC Headphones,Premium silence-mode headphones,379.00,4,10,https://cdn.neoncart.local/img/aud-008.jpg,15
AUD-009,Halcyon Hush Earbuds,Quiet-commute earbuds,179.00,4,10,https://cdn.neoncart.local/img/aud-009.jpg,38
AUD-010,AstroByte AstroBuds,AI-tuned earbuds,169.00,4,3,https://cdn.neoncart.local/img/aud-010.jpg,42
AUD-011,Photonix Soundbar 5.1,5.1 channel soundbar,499.00,4,21,https://cdn.neoncart.local/img/aud-011.jpg,12
AUD-012,Photonix Mini Soundbar,Compact desktop soundbar,179.00,4,21,https://cdn.neoncart.local/img/aud-012.jpg,31
AUD-013,Pulsewave Boombox One,Portable bluetooth speaker,129.00,4,8,https://cdn.neoncart.local/img/aud-013.jpg,55
AUD-014,Pulsewave Boombox Mini,Pocket bluetooth speaker,49.00,4,8,https://cdn.neoncart.local/img/aud-014.jpg,142
AUD-015,Echelon Reference Monitor 5,Studio monitor speaker (each),299.00,4,14,https://cdn.neoncart.local/img/aud-015.jpg,17
AUD-016,Echelon Reference Sub,Studio subwoofer,399.00,4,14,https://cdn.neoncart.local/img/aud-016.jpg,8
AUD-017,Nexora Pulse Gaming Headset,Surround gaming headset,129.00,4,12,https://cdn.neoncart.local/img/aud-017.jpg,49
AUD-018,Stellaron Audiophile DAC,External USB DAC,249.00,4,13,https://cdn.neoncart.local/img/aud-018.jpg,14
AUD-019,Stellaron Headphone Amp,Tube headphone amplifier,399.00,4,13,https://cdn.neoncart.local/img/aud-019.jpg,7
AUD-020,Korium Edge Wireless Speaker,Multi-room wireless speaker,199.00,4,9,https://cdn.neoncart.local/img/aud-020.jpg,26
AUD-021,Korium Edge Speaker Mini,Mini multi-room speaker,99.00,4,9,https://cdn.neoncart.local/img/aud-021.jpg,53
AUD-022,Vireo Bamboo Speaker,Bamboo-cabinet eco speaker,149.00,4,15,https://cdn.neoncart.local/img/aud-022.jpg,19
WAT-001,NeonTech Pulse Watch,AMOLED smartwatch,299.00,6,1,https://cdn.neoncart.local/img/wat-001.jpg,44
WAT-002,NeonTech Pulse Watch Sport,Sport edition smartwatch,349.00,6,1,https://cdn.neoncart.local/img/wat-002.jpg,31
WAT-003,NeonTech Pulse Watch Pro,Titanium premium smartwatch,499.00,6,1,https://cdn.neoncart.local/img/wat-003.jpg,17
WAT-004,BlueWave Tide Watch,Diver-rated smartwatch,249.00,6,2,https://cdn.neoncart.local/img/wat-004.jpg,38
WAT-005,Voltura Spark Band,Slim fitness tracker,99.00,6,5,https://cdn.neoncart.local/img/wat-005.jpg,112
WAT-006,Voltura Spark Band Lite,Budget fitness band,49.00,6,5,https://cdn.neoncart.local/img/wat-006.jpg,178
WAT-007,Synthlex Helix Watch,Health-focus smartwatch,299.00,6,6,https://cdn.neoncart.local/img/wat-007.jpg,28
WAT-008,Halcyon Calm Watch,Minimalist e-ink watch,179.00,6,10,https://cdn.neoncart.local/img/wat-008.jpg,33
WAT-009,Korium Edge Watch,Curved-screen smartwatch,279.00,6,9,https://cdn.neoncart.local/img/wat-009.jpg,22
WAT-010,Nexora Pulse Pro Watch,Gamer smartwatch,329.00,6,12,https://cdn.neoncart.local/img/wat-010.jpg,15
WAT-011,Stellaron Titan Chronograph,Premium titanium watch,699.00,6,13,https://cdn.neoncart.local/img/wat-011.jpg,8
WAT-012,Vireo Verdant Tracker,Eco-fitness tracker,79.00,6,15,https://cdn.neoncart.local/img/wat-012.jpg,86
WAT-013,Photonix Glow Ring,Smart ring sleep tracker,249.00,6,21,https://cdn.neoncart.local/img/wat-013.jpg,41
WAT-014,Magnetar M-Ring,Magnetic smart ring,229.00,6,16,https://cdn.neoncart.local/img/wat-014.jpg,35
ACC-001,Cobaltic 65W USB-C Charger,Compact GaN charger,39.00,7,17,https://cdn.neoncart.local/img/acc-001.jpg,167
ACC-002,Cobaltic 100W USB-C Charger,Multi-port GaN charger,79.00,7,17,https://cdn.neoncart.local/img/acc-002.jpg,98
ACC-003,Cobaltic 140W Travel Charger,Travel-ready power brick,129.00,7,17,https://cdn.neoncart.local/img/acc-003.jpg,45
ACC-004,Magnetar MagSnap Charger,Magnetic wireless charger,49.00,7,16,https://cdn.neoncart.local/img/acc-004.jpg,138
ACC-005,Magnetar MagStand Duo,Dual magnetic charging stand,89.00,7,16,https://cdn.neoncart.local/img/acc-005.jpg,76
ACC-006,Aether Leather Sleeve 13,Premium leather laptop sleeve 13-inch,99.00,7,28,https://cdn.neoncart.local/img/acc-006.jpg,32
ACC-007,Aether Leather Sleeve 16,Premium leather laptop sleeve 16-inch,119.00,7,28,https://cdn.neoncart.local/img/acc-007.jpg,28
ACC-008,Veridian Recycled Backpack,Recycled-fabric backpack,79.00,7,30,https://cdn.neoncart.local/img/acc-008.jpg,82
ACC-009,Veridian Recycled Tote,Recycled-fabric tote bag,39.00,7,30,https://cdn.neoncart.local/img/acc-009.jpg,124
ACC-010,Pinnacle Forge Hard Case,Aluminium hardshell case,149.00,7,27,https://cdn.neoncart.local/img/acc-010.jpg,17
ACC-011,Ironclad Phone Case,Drop-proof phone case,39.00,7,24,https://cdn.neoncart.local/img/acc-011.jpg,212
ACC-012,Ironclad Tablet Case,Rugged tablet case,49.00,7,24,https://cdn.neoncart.local/img/acc-012.jpg,107
ACC-013,Helica Spiral Cable Organizer,Spring-coil cable organizer,12.00,7,19,https://cdn.neoncart.local/img/acc-013.jpg,287
ACC-014,Helica Desk Cable Tray,Under-desk cable management tray,49.00,7,19,https://cdn.neoncart.local/img/acc-014.jpg,68
ACC-015,Voltura PowerBank 20K,20000mAh power bank,79.00,7,5,https://cdn.neoncart.local/img/acc-015.jpg,103
ACC-016,Voltura PowerBank 10K,10000mAh slim power bank,39.00,7,5,https://cdn.neoncart.local/img/acc-016.jpg,178
GAM-001,Nexora Pulse Controller,Wireless gamepad,69.00,8,12,https://cdn.neoncart.local/img/gam-001.jpg,142
GAM-002,Nexora Pulse Elite Controller,Pro-grade modular controller,179.00,8,12,https://cdn.neoncart.local/img/gam-002.jpg,38
GAM-003,Nexora Pulse Arcade Stick,Arcade fight stick,229.00,8,12,https://cdn.neoncart.local/img/gam-003.jpg,17
GAM-004,Nexora Pulse Racing Wheel,Force-feedback racing wheel,399.00,8,12,https://cdn.neoncart.local/img/gam-004.jpg,11
GAM-005,Synthlex Helix VR Headset,Standalone VR headset,499.00,8,6,https://cdn.neoncart.local/img/gam-005.jpg,16
GAM-006,Synthlex Helix VR Pro,Premium tethered VR,999.00,8,6,https://cdn.neoncart.local/img/gam-006.jpg,7
GAM-007,LumenWorks Glow Capture Card,4K HDMI capture card,249.00,8,4,https://cdn.neoncart.local/img/gam-007.jpg,22
GAM-008,LumenWorks Glow Stream Deck,Programmable stream pad,179.00,8,4,https://cdn.neoncart.local/img/gam-008.jpg,33
GAM-009,Pulsewave Gamer Chair,Ergonomic gaming chair,379.00,8,8,https://cdn.neoncart.local/img/gam-009.jpg,18
GAM-010,Pulsewave Pro Chair,Premium gaming chair,599.00,8,8,https://cdn.neoncart.local/img/gam-010.jpg,9
GAM-011,Tessellate Gaming Desk,Adjustable gaming desk,349.00,8,20,https://cdn.neoncart.local/img/gam-011.jpg,15
GAM-012,Tessellate Standing Desk,Electric standing desk,499.00,8,20,https://cdn.neoncart.local/img/gam-012.jpg,12
CAB-001,Cobaltic USB-C to USB-C Cable 1m,100W USB-C cable,19.00,9,17,https://cdn.neoncart.local/img/cab-001.jpg,412
CAB-002,Cobaltic USB-C to USB-C Cable 2m,2m 100W USB-C cable,24.00,9,17,https://cdn.neoncart.local/img/cab-002.jpg,287
CAB-003,Cobaltic USB-C to USB-C Cable 3m,3m 100W USB-C cable,29.00,9,17,https://cdn.neoncart.local/img/cab-003.jpg,176
CAB-004,Cobaltic Thunderbolt 4 Cable,40Gbps TB4 cable 1m,49.00,9,17,https://cdn.neoncart.local/img/cab-004.jpg,98
CAB-005,Helica HDMI 2.1 Cable 1m,8K HDMI cable 1m,24.00,9,19,https://cdn.neoncart.local/img/cab-005.jpg,234
CAB-006,Helica HDMI 2.1 Cable 2m,8K HDMI cable 2m,29.00,9,19,https://cdn.neoncart.local/img/cab-006.jpg,178
CAB-007,Helica HDMI 2.1 Cable 3m,8K HDMI cable 3m,39.00,9,19,https://cdn.neoncart.local/img/cab-007.jpg,107
CAB-008,Helica DisplayPort 2.0 Cable,8K DisplayPort cable,39.00,9,19,https://cdn.neoncart.local/img/cab-008.jpg,73
CAB-009,Cobaltic USB-A to USB-C Cable,USB-A to C cable 1m,12.00,9,17,https://cdn.neoncart.local/img/cab-009.jpg,488
CAB-010,Cobaltic Lightning Cable 1m,1m lightning cable,19.00,9,17,https://cdn.neoncart.local/img/cab-010.jpg,317
CAB-011,Helica Ethernet Cat6a Cable 2m,2m Cat6a ethernet cable,12.00,9,19,https://cdn.neoncart.local/img/cab-011.jpg,376
CAB-012,Helica Ethernet Cat6a Cable 5m,5m Cat6a ethernet cable,19.00,9,19,https://cdn.neoncart.local/img/cab-012.jpg,229
CAB-013,Helica Optical Audio Cable,TOSLINK optical cable,14.00,9,19,https://cdn.neoncart.local/img/cab-013.jpg,168
CAB-014,Helica 3.5mm Audio Cable 1m,Stereo 3.5mm cable,9.00,9,19,https://cdn.neoncart.local/img/cab-014.jpg,389
CAB-015,Cobaltic Magnetic Cable Set,Magnetic tip cable trio,29.00,9,17,https://cdn.neoncart.local/img/cab-015.jpg,142
CAB-016,Cobaltic 5-Pack Cable Ties,Reusable velcro cable ties,9.00,9,17,https://cdn.neoncart.local/img/cab-016.jpg,512
SMH-001,NeonTech Smart Speaker,AI assistant smart speaker,149.00,10,1,https://cdn.neoncart.local/img/smh-001.jpg,67
SMH-002,NeonTech Smart Display,8-inch smart display,229.00,10,1,https://cdn.neoncart.local/img/smh-002.jpg,33
SMH-003,NeonTech Smart Hub,Whole-home automation hub,179.00,10,1,https://cdn.neoncart.local/img/smh-003.jpg,29
SMH-004,LumenWorks Smart Bulb 4-Pack,RGB color smart bulbs,49.00,10,4,https://cdn.neoncart.local/img/smh-004.jpg,142
SMH-005,LumenWorks Smart Strip 5m,5-meter LED strip,39.00,10,4,https://cdn.neoncart.local/img/smh-005.jpg,107
SMH-006,LumenWorks Smart Panel Kit,Hexagonal wall panels x6,179.00,10,4,https://cdn.neoncart.local/img/smh-006.jpg,28
SMH-007,Atrellis Smart Doorbell,1080p video doorbell,179.00,10,23,https://cdn.neoncart.local/img/smh-007.jpg,38
SMH-008,Atrellis Smart Cam Indoor,Indoor security camera,79.00,10,23,https://cdn.neoncart.local/img/smh-008.jpg,76
SMH-009,Atrellis Smart Cam Outdoor,Weatherproof outdoor cam,149.00,10,23,https://cdn.neoncart.local/img/smh-009.jpg,42
SMH-010,Atrellis Smart Lock,Bluetooth smart deadbolt,249.00,10,23,https://cdn.neoncart.local/img/smh-010.jpg,22
SMH-011,Atrellis Smart Sensor 4-Pack,Door/window sensors,79.00,10,23,https://cdn.neoncart.local/img/smh-011.jpg,68
SMH-012,Veridian Smart Thermostat,Energy-saving thermostat,229.00,10,30,https://cdn.neoncart.local/img/smh-012.jpg,33
SMH-013,Veridian Smart Outlet 2-Pack,WiFi smart outlets,39.00,10,30,https://cdn.neoncart.local/img/smh-013.jpg,178
SMH-014,Mythril Smart Garage Opener,Wireless garage controller,79.00,10,29,https://cdn.neoncart.local/img/smh-014.jpg,29
SMH-015,Sunderwave Smart Sprinkler,WiFi sprinkler controller,179.00,10,26,https://cdn.neoncart.local/img/smh-015.jpg,17
SMH-016,Sunderwave Smart Air Monitor,Indoor air quality monitor,129.00,10,26,https://cdn.neoncart.local/img/smh-016.jpg,28
DSP-001,LumenWorks 27-inch 4K Monitor,27-inch IPS 4K monitor,499.00,11,4,https://cdn.neoncart.local/img/dsp-001.jpg,42
DSP-002,LumenWorks 32-inch 4K Monitor,32-inch IPS 4K monitor,699.00,11,4,https://cdn.neoncart.local/img/dsp-002.jpg,28
DSP-003,LumenWorks 32-inch OLED Monitor,OLED 4K creator monitor,1299.00,11,4,https://cdn.neoncart.local/img/dsp-003.jpg,11
DSP-004,LumenWorks 49-inch Ultrawide,5K ultrawide monitor,1499.00,11,4,https://cdn.neoncart.local/img/dsp-004.jpg,7
DSP-005,Nexora Pulse 27 240Hz Gaming,1440p 240Hz gaming monitor,499.00,11,12,https://cdn.neoncart.local/img/dsp-005.jpg,32
DSP-006,Nexora Pulse 32 4K 144Hz,4K 144Hz gaming monitor,799.00,11,12,https://cdn.neoncart.local/img/dsp-006.jpg,18
DSP-007,Nexora Pulse OLED 27,OLED 240Hz gaming monitor,999.00,11,12,https://cdn.neoncart.local/img/dsp-007.jpg,9
DSP-008,BlueWave Wave 24,24-inch 1080p office monitor,179.00,11,2,https://cdn.neoncart.local/img/dsp-008.jpg,98
DSP-009,BlueWave Wave 27,27-inch 1440p office monitor,299.00,11,2,https://cdn.neoncart.local/img/dsp-009.jpg,68
DSP-010,BlueWave Wave 27 USB-C,27-inch USB-C dock monitor,379.00,11,2,https://cdn.neoncart.local/img/dsp-010.jpg,42
DSP-011,Photonix Pro Color 27,Reference-color 27-inch monitor,1199.00,11,21,https://cdn.neoncart.local/img/dsp-011.jpg,8
DSP-012,Photonix Pro Color 32,Reference 32-inch HDR monitor,1799.00,11,21,https://cdn.neoncart.local/img/dsp-012.jpg,5
DSP-013,Echelon Cinema Projector 4K,4K home cinema projector,1799.00,11,14,https://cdn.neoncart.local/img/dsp-013.jpg,9
DSP-014,Echelon Mini Projector,Portable 1080p projector,299.00,11,14,https://cdn.neoncart.local/img/dsp-014.jpg,28
DSP-015,LumenWorks Portable 15 OLED,Portable OLED monitor,329.00,11,4,https://cdn.neoncart.local/img/dsp-015.jpg,33
DSP-016,LumenWorks Portable 17 4K,Portable 17-inch 4K monitor,399.00,11,4,https://cdn.neoncart.local/img/dsp-016.jpg,22
STG-001,Quantix Q-SSD 1TB NVMe,Gen4 NVMe SSD 1TB,129.00,12,7,https://cdn.neoncart.local/img/stg-001.jpg,178
STG-002,Quantix Q-SSD 2TB NVMe,Gen4 NVMe SSD 2TB,229.00,12,7,https://cdn.neoncart.local/img/stg-002.jpg,98
STG-003,Quantix Q-SSD 4TB NVMe,Gen4 NVMe SSD 4TB,429.00,12,7,https://cdn.neoncart.local/img/stg-003.jpg,42
STG-004,Quantix Q-SSD 8TB NVMe,Gen4 NVMe SSD 8TB,849.00,12,7,https://cdn.neoncart.local/img/stg-004.jpg,18
STG-005,Quantix Q-Pro 1TB Gen5,Gen5 PCIe 5.0 SSD 1TB,249.00,12,7,https://cdn.neoncart.local/img/stg-005.jpg,68
STG-006,Quantix Q-Pro 2TB Gen5,Gen5 PCIe 5.0 SSD 2TB,429.00,12,7,https://cdn.neoncart.local/img/stg-006.jpg,38
STG-007,Quantix Portable SSD 1TB,USB-C portable SSD 1TB,149.00,12,7,https://cdn.neoncart.local/img/stg-007.jpg,142
STG-008,Quantix Portable SSD 2TB,USB-C portable SSD 2TB,249.00,12,7,https://cdn.neoncart.local/img/stg-008.jpg,87
STG-009,Quantix Portable SSD 4TB,USB-C portable SSD 4TB,449.00,12,7,https://cdn.neoncart.local/img/stg-009.jpg,38
STG-010,Mythril Vault 2-Bay NAS,2-bay home NAS enclosure,399.00,12,29,https://cdn.neoncart.local/img/stg-010.jpg,29
STG-011,Mythril Vault 4-Bay NAS,4-bay home NAS enclosure,699.00,12,29,https://cdn.neoncart.local/img/stg-011.jpg,18
STG-012,Mythril Vault 8-Bay NAS,8-bay prosumer NAS,1499.00,12,29,https://cdn.neoncart.local/img/stg-012.jpg,7
STG-013,Mythril HDD 4TB,NAS-grade 4TB hard drive,119.00,12,29,https://cdn.neoncart.local/img/stg-013.jpg,168
STG-014,Mythril HDD 8TB,NAS-grade 8TB hard drive,199.00,12,29,https://cdn.neoncart.local/img/stg-014.jpg,98
STG-015,Mythril HDD 16TB,NAS-grade 16TB hard drive,379.00,12,29,https://cdn.neoncart.local/img/stg-015.jpg,42
STG-016,Tessellate SD Card 128GB,V90 SD card 128GB,49.00,12,20,https://cdn.neoncart.local/img/stg-016.jpg,287
STG-017,Tessellate SD Card 256GB,V90 SD card 256GB,89.00,12,20,https://cdn.neoncart.local/img/stg-017.jpg,178
STG-018,Tessellate microSD 512GB,A2 microSD 512GB,79.00,12,20,https://cdn.neoncart.local/img/stg-018.jpg,229
ELC-001,NeonTech AR Glasses,Augmented reality smart glasses,699.00,1,1,https://cdn.neoncart.local/img/elc-001.jpg,17
ELC-002,BlueWave eReader Wave,7-inch eink ereader,179.00,1,2,https://cdn.neoncart.local/img/elc-002.jpg,68
ELC-003,BlueWave eReader Wave XL,10-inch eink ereader,279.00,1,2,https://cdn.neoncart.local/img/elc-003.jpg,38
ELC-004,Driftloop Drone Mini,Compact 4K drone,349.00,1,11,https://cdn.neoncart.local/img/elc-004.jpg,28
ELC-005,Driftloop Drone Pro,Pro 6K drone,1199.00,1,11,https://cdn.neoncart.local/img/elc-005.jpg,11
ELC-006,Halcyon Sleep Lamp,Sunrise-simulating lamp,129.00,1,10,https://cdn.neoncart.local/img/elc-006.jpg,42
ELC-007,Kaleidos Smart Mirror,AI-augmented bathroom mirror,699.00,1,25,https://cdn.neoncart.local/img/elc-007.jpg,9
ELC-008,Stellaron Mini PC Server,Compact home server,699.00,1,13,https://cdn.neoncart.local/img/elc-008.jpg,18
ELC-009,Vireo Solar Charger,Foldable solar panel charger,119.00,1,15,https://cdn.neoncart.local/img/elc-009.jpg,38
ELC-010,Voltura Travel Adapter,Universal travel power adapter,39.00,1,5,https://cdn.neoncart.local/img/elc-010.jpg,178
PHN-021,Brand1 Core Pocket 5G,5G smartphone with multi-day battery,717.01,5,1,https://cdn.neoncart.local/img/phn-021.jpg,141
PHN-022,Brand28 Lite Flex Pro,5G smartphone with multi-day battery,1455.96,5,28,https://cdn.neoncart.local/img/phn-022.jpg,141
PHN-023,Brand12 Echo Vista X,5G smartphone with multi-day battery,1082.37,5,12,https://cdn.neoncart.local/img/phn-023.jpg,430
PHN-024,Brand18 Astro Lumi Phone,5G smartphone with multi-day battery,1420.01,5,18,https://cdn.neoncart.local/img/phn-024.jpg,58
PHN-025,Brand29 Hyper Echo Phone,5G smartphone with multi-day battery,431.14,5,29,https://cdn.neoncart.local/img/phn-025.jpg,491
PHN-026,Brand9 Max Ridge 5G,5G smartphone with multi-day battery,339.92,5,9,https://cdn.neoncart.local/img/phn-026.jpg,221
PHN-027,Brand12 Astro Tonic Phone,5G smartphone with multi-day battery,766.31,5,12,https://cdn.neoncart.local/img/phn-027.jpg,260
PHN-028,Brand4 Echo Sable Phone,5G smartphone with multi-day battery,1368.36,5,4,https://cdn.neoncart.local/img/phn-028.jpg,96
PHN-029,Brand9 Max Cinder Phone,5G smartphone with multi-day battery,1120.42,5,9,https://cdn.neoncart.local/img/phn-029.jpg,0
PHN-030,Brand17 Core Drift Phone,5G smartphone with multi-day battery,672.49,5,17,https://cdn.neoncart.local/img/phn-030.jpg,34
PHN-031,Brand22 Astro Solace Phone,5G smartphone with multi-day battery,1009.10,5,22,https://cdn.neoncart.local/img/phn-031.jpg,338
PHN-032,Brand28 Plus Verge Phone,5G smartphone with multi-day battery,1134.68,5,28,https://cdn.neoncart.local/img/phn-032.jpg,152
PHN-033,Brand17 Aero Eclipse Phone,5G smartphone with multi-day battery,1065.96,5,17,https://cdn.neoncart.local/img/phn-033.jpg,166
PHN-034,Brand13 Aero Pulse Phone,5G smartphone with multi-day battery,919.74,5,13,https://cdn.neoncart.local/img/phn-034.jpg,97
PHN-035,Brand14 Echo Vector Phone,5G smartphone with multi-day battery,1079.51,5,14,https://cdn.neoncart.local/img/phn-035.jpg,461
PHN-036,Brand6 Aero Whisper Phone,5G smartphone with multi-day battery,726.90,5,6,https://cdn.neoncart.local/img/phn-036.jpg,425
PHN-037,Brand1 Aero Mirage Phone,5G smartphone with multi-day battery,571.99,5,1,https://cdn.neoncart.local/img/phn-037.jpg,219
PHN-038,Brand26 Astro Bolt Phone,5G smartphone with multi-day battery,803.48,5,26,https://cdn.neoncart.local/img/phn-038.jpg,225
PHN-039,Brand22 Core Halo Phone,5G smartphone with multi-day battery,863.53,5,22,https://cdn.neoncart.local/img/phn-039.jpg,405
PHN-040,Brand29 Studio Trail Phone,5G smartphone with multi-day battery,1055.51,5,29,https://cdn.neoncart.local/img/phn-040.jpg,144
PHN-041,Brand17 Astro Crest Phone,5G smartphone with multi-day battery,320.40,5,17,https://cdn.neoncart.local/img/phn-041.jpg,486
PHN-042,Brand25 Quantum Aurora Phone,5G smartphone with multi-day battery,1073.63,5,25,https://cdn.neoncart.local/img/phn-042.jpg,114
PHN-043,Brand26 Core Static Phone,5G smartphone with multi-day battery,390.56,5,26,https://cdn.neoncart.local/img/phn-043.jpg,22
PHN-044,Brand8 Apex Glide Phone,5G smartphone with multi-day battery,993.66,5,8,https://cdn.neoncart.local/img/phn-044.jpg,392
PHN-045,Brand3 Pulse Saturn Phone,5G smartphone with multi-day battery,737.77,5,3,https://cdn.neoncart.local/img/phn-045.jpg,321
PHN-046,Brand19 Core Onyx Phone,5G smartphone with multi-day battery,1132.85,5,19,https://cdn.neoncart.local/img/phn-046.jpg,195
PHN-047,Brand16 Echo Quartz Phone,5G smartphone with multi-day battery,516.18,5,16,https://cdn.neoncart.local/img/phn-047.jpg,334
PHN-048,Brand23 Pro Mosaic Phone,5G smartphone with multi-day battery,1359.46,5,23,https://cdn.neoncart.local/img/phn-048.jpg,439
PHN-049,Brand25 Plus Pinnacle Phone,5G smartphone with multi-day battery,1210.95,5,25,https://cdn.neoncart.local/img/phn-049.jpg,111
PHN-050,Brand6 Pulse Wave Phone,5G smartphone with multi-day battery,264.28,5,6,https://cdn.neoncart.local/img/phn-050.jpg,126
PHN-051,Brand30 Plus Atlas Phone,5G smartphone with multi-day battery,792.40,5,30,https://cdn.neoncart.local/img/phn-051.jpg,409
PHN-052,Brand15 Astro Compass Phone,5G smartphone with multi-day battery,1434.05,5,15,https://cdn.neoncart.local/img/phn-052.jpg,455
LAP-021,Brand15 Spark Coreline 13,Lightweight laptop with all-day battery,3007.65,2,15,https://cdn.neoncart.local/img/lap-021.jpg,279
LAP-022,Brand15 Studio Coreline 15,Lightweight laptop with all-day battery,2755.60,2,15,https://cdn.neoncart.local/img/lap-022.jpg,242
LAP-023,Brand15 Hyper FluxBook 14,Lightweight laptop with all-day battery,2779.15,2,15,https://cdn.neoncart.local/img/lap-023.jpg,429
LAP-024,Brand21 Hyper FluxBook 16,Lightweight laptop with all-day battery,2819.86,2,21,https://cdn.neoncart.local/img/lap-024.jpg,265
LAP-025,Brand16 Quantum Studio 17,Lightweight laptop with all-day battery,1395.33,2,16,https://cdn.neoncart.local/img/lap-025.jpg,38
LAP-026,Brand23 Aero Plume Air 13,Lightweight laptop with all-day battery,1279.03,2,23,https://cdn.neoncart.local/img/lap-026.jpg,170
LAP-027,Brand11 Lite Plume Air 14,Lightweight laptop with all-day battery,1000.28,2,11,https://cdn.neoncart.local/img/lap-027.jpg,117
LAP-028,Brand13 Edge Vector Pro 14,Lightweight laptop with all-day battery,2647.62,2,13,https://cdn.neoncart.local/img/lap-028.jpg,31
LAP-029,Brand14 Spark Vector Pro 16,Lightweight laptop with all-day battery,1558.56,2,14,https://cdn.neoncart.local/img/lap-029.jpg,237
LAP-030,Brand14 Max Rho Notebook,Lightweight laptop with all-day battery,1198.82,2,14,https://cdn.neoncart.local/img/lap-030.jpg,214
LAP-031,Brand13 Pro Sigma Notebook,Lightweight laptop with all-day battery,3083.52,2,13,https://cdn.neoncart.local/img/lap-031.jpg,390
LAP-032,Brand19 Echo Lattice X14,Lightweight laptop with all-day battery,1982.24,2,19,https://cdn.neoncart.local/img/lap-032.jpg,481
LAP-033,Brand12 Aero Lattice X16,Lightweight laptop with all-day battery,2784.08,2,12,https://cdn.neoncart.local/img/lap-033.jpg,435
LAP-034,Brand29 Spark Quasar Slim,Lightweight laptop with all-day battery,2159.84,2,29,https://cdn.neoncart.local/img/lap-034.jpg,375
LAP-035,Brand18 Quantum Quasar Plus,Lightweight laptop with all-day battery,2014.87,2,18,https://cdn.neoncart.local/img/lap-035.jpg,138
LAP-036,Brand14 Apex Cirrus 13,Lightweight laptop with all-day battery,683.17,2,14,https://cdn.neoncart.local/img/lap-036.jpg,171
LAP-037,Brand22 Echo Cirrus 15,Lightweight laptop with all-day battery,2699.13,2,22,https://cdn.neoncart.local/img/lap-037.jpg,429
LAP-038,Brand15 Edge Strato 14,Lightweight laptop with all-day battery,3443.09,2,15,https://cdn.neoncart.local/img/lap-038.jpg,272
LAP-039,Brand1 Echo Strato 16,Lightweight laptop with all-day battery,2315.49,2,1,https://cdn.neoncart.local/img/lap-039.jpg,338
LAP-040,Brand1 Lite Tundra 17,Lightweight laptop with all-day battery,2462.97,2,1,https://cdn.neoncart.local/img/lap-040.jpg,68
LAP-041,Brand28 Pulse Mesa Pro 14,Lightweight laptop with all-day battery,1126.01,2,28,https://cdn.neoncart.local/img/lap-041.jpg,132
LAP-042,Brand13 Astro Mesa Pro 16,Lightweight laptop with all-day battery,1212.81,2,13,https://cdn.neoncart.local/img/lap-042.jpg,166
LAP-043,Brand11 Echo Helios Lite,Lightweight laptop with all-day battery,1405.94,2,11,https://cdn.neoncart.local/img/lap-043.jpg,486
LAP-044,Brand27 Spark Helios Max,Lightweight laptop with all-day battery,1330.59,2,27,https://cdn.neoncart.local/img/lap-044.jpg,40
LAP-045,Brand16 Pro Field Book 14,Lightweight laptop with all-day battery,2771.17,2,16,https://cdn.neoncart.local/img/lap-045.jpg,25
LAP-046,Brand12 Quantum Field Book 16,Lightweight laptop with all-day battery,2484.42,2,12,https://cdn.neoncart.local/img/lap-046.jpg,398
LAP-047,Brand21 Max Caravel 13,Lightweight laptop with all-day battery,2786.28,2,21,https://cdn.neoncart.local/img/lap-047.jpg,485
LAP-048,Brand8 Core Caravel 15,Lightweight laptop with all-day battery,3032.76,2,8,https://cdn.neoncart.local/img/lap-048.jpg,317
LAP-049,Brand5 Quantum Argo Pro 14,Lightweight laptop with all-day battery,965.04,2,5,https://cdn.neoncart.local/img/lap-049.jpg,341
LAP-050,Brand4 Core Argo Pro 16,Lightweight laptop with all-day battery,1947.60,2,4,https://cdn.neoncart.local/img/lap-050.jpg,130
LAP-051,Brand25 Nano Vellum 13,Lightweight laptop with all-day battery,1085.59,2,25,https://cdn.neoncart.local/img/lap-051.jpg,309
LAP-052,Brand24 Plus Vellum 15,Lightweight laptop with all-day battery,2854.60,2,24,https://cdn.neoncart.local/img/lap-052.jpg,82
AUD-023,Brand10 Plus Hush Earbuds,Premium audio with active noise cancellation,358.85,4,10,https://cdn.neoncart.local/img/aud-023.jpg,474
AUD-024,Brand10 Echo Quiet Buds,Premium audio with active noise cancellation,255.09,4,10,https://cdn.neoncart.local/img/aud-024.jpg,365
AUD-025,Brand7 Lite Stream Buds,Premium audio with active noise cancellation,366.50,4,7,https://cdn.neoncart.local/img/aud-025.jpg,424
AUD-026,Brand21 Quantum Phase Headphones,Premium audio with active noise cancellation,87.08,4,21,https://cdn.neoncart.local/img/aud-026.jpg,394
AUD-027,Brand10 Plus Vibe Buds,Premium audio with active noise cancellation,482.85,4,10,https://cdn.neoncart.local/img/aud-027.jpg,288
AUD-028,Brand26 Max Drift Headphones,Premium audio with active noise cancellation,226.91,4,26,https://cdn.neoncart.local/img/aud-028.jpg,218
AUD-029,Brand22 Nano Forge Earbuds,Premium audio with active noise cancellation,68.31,4,22,https://cdn.neoncart.local/img/aud-029.jpg,330
AUD-030,Brand11 Pro Halo Headset,Premium audio with active noise cancellation,513.26,4,11,https://cdn.neoncart.local/img/aud-030.jpg,420
AUD-031,Brand16 Plus Arc Earbuds,Premium audio with active noise cancellation,276.11,4,16,https://cdn.neoncart.local/img/aud-031.jpg,184
AUD-032,Brand21 Pulse Soft Buds,Premium audio with active noise cancellation,432.17,4,21,https://cdn.neoncart.local/img/aud-032.jpg,221
AUD-033,Brand6 Hyper Tide Earbuds,Premium audio with active noise cancellation,380.07,4,6,https://cdn.neoncart.local/img/aud-033.jpg,469
AUD-034,Brand18 Apex Velvet Headphones,Premium audio with active noise cancellation,293.98,4,18,https://cdn.neoncart.local/img/aud-034.jpg,421
AUD-035,Brand24 Hyper Echo Earbuds,Premium audio with active noise cancellation,212.71,4,24,https://cdn.neoncart.local/img/aud-035.jpg,124
AUD-036,Brand27 Lite Calm Headset,Premium audio with active noise cancellation,187.99,4,27,https://cdn.neoncart.local/img/aud-036.jpg,229
AUD-037,Brand8 Pulse Murmur Buds,Premium audio with active noise cancellation,353.81,4,8,https://cdn.neoncart.local/img/aud-037.jpg,341
AUD-038,Brand13 Astro Cadence Headphones,Premium audio with active noise cancellation,45.36,4,13,https://cdn.neoncart.local/img/aud-038.jpg,434
AUD-039,Brand11 Studio Glide Buds,Premium audio with active noise cancellation,306.90,4,11,https://cdn.neoncart.local/img/aud-039.jpg,180
AUD-040,Brand26 Hyper Lattice Buds,Premium audio with active noise cancellation,222.99,4,26,https://cdn.neoncart.local/img/aud-040.jpg,449
AUD-041,Brand20 Hyper Mosaic Buds,Premium audio with active noise cancellation,345.80,4,20,https://cdn.neoncart.local/img/aud-041.jpg,263
AUD-042,Brand7 Lite Nimbus Headphones,Premium audio with active noise cancellation,166.57,4,7,https://cdn.neoncart.local/img/aud-042.jpg,207
AUD-043,Brand16 Quantum Orbit Buds,Premium audio with active noise cancellation,422.65,4,16,https://cdn.neoncart.local/img/aud-043.jpg,329
AUD-044,Brand23 Apex Plinth Headphones,Premium audio with active noise cancellation,284.46,4,23,https://cdn.neoncart.local/img/aud-044.jpg,7
AUD-045,Brand3 Aero Quartz Buds,Premium audio with active noise cancellation,155.31,4,3,https://cdn.neoncart.local/img/aud-045.jpg,353
AUD-046,Brand8 Aero Ripple Headphones,Premium audio with active noise cancellation,407.46,4,8,https://cdn.neoncart.local/img/aud-046.jpg,187
AUD-047,Brand16 Nano Sable Buds,Premium audio with active noise cancellation,271.54,4,16,https://cdn.neoncart.local/img/aud-047.jpg,380
AUD-048,Brand18 Astro Tonic Headphones,Premium audio with active noise cancellation,229.53,4,18,https://cdn.neoncart.local/img/aud-048.jpg,231
AUD-049,Brand9 Aero Umbra Buds,Premium audio with active noise cancellation,172.30,4,9,https://cdn.neoncart.local/img/aud-049.jpg,60
AUD-050,Brand24 Core Vesper Buds,Premium audio with active noise cancellation,208.86,4,24,https://cdn.neoncart.local/img/aud-050.jpg,379
AUD-051,Brand18 Studio Wisp Buds,Premium audio with active noise cancellation,138.18,4,18,https://cdn.neoncart.local/img/aud-051.jpg,377
AUD-052,Brand16 Hyper Zephyr Headphones,Premium audio with active noise cancellation,442.01,4,16,https://cdn.neoncart.local/img/aud-052.jpg,499
PER-100,Brand25 Aero Keyboard Pro,Productivity peripheral,293.35,3,25,https://cdn.neoncart.local/img/per-100.jpg,425
PER-101,Brand7 Aero Keyboard Mini,Productivity peripheral,74.97,3,7,https://cdn.neoncart.local/img/per-101.jpg,90
PER-102,Brand10 Pro Keyboard Wave,Productivity peripheral,214.33,3,10,https://cdn.neoncart.local/img/per-102.jpg,63
PER-103,Brand9 Max Keyboard Studio,Productivity peripheral,291.55,3,9,https://cdn.neoncart.local/img/per-103.jpg,282
PER-104,Brand10 Edge Mouse Plus,Productivity peripheral,193.98,3,10,https://cdn.neoncart.local/img/per-104.jpg,384
PER-105,Brand16 Plus Mouse Ergo II,Productivity peripheral,262.09,3,16,https://cdn.neoncart.local/img/per-105.jpg,292
PER-106,Brand10 Apex Mouse Pro,Productivity peripheral,147.83,3,10,https://cdn.neoncart.local/img/per-106.jpg,173
PER-107,Brand6 Max Mouse Studio,Productivity peripheral,82.22,3,6,https://cdn.neoncart.local/img/per-107.jpg,440
PER-108,Brand16 Plus Trackpad,Productivity peripheral,247.41,3,16,https://cdn.neoncart.local/img/per-108.jpg,204
PER-109,Brand16 Lite Webcam Pro,Productivity peripheral,176.34,3,16,https://cdn.neoncart.local/img/per-109.jpg,350
PER-110,Brand2 Edge Webcam 4K,Productivity peripheral,52.27,3,2,https://cdn.neoncart.local/img/per-110.jpg,287
PER-111,Brand10 Lite Mic Boom,Productivity peripheral,297.24,3,10,https://cdn.neoncart.local/img/per-111.jpg,59
PER-112,Brand18 Spark Mic Pencil,Productivity peripheral,184.83,3,18,https://cdn.neoncart.local/img/per-112.jpg,403
PER-113,Brand20 Quantum Mic Stage,Productivity peripheral,233.95,3,20,https://cdn.neoncart.local/img/per-113.jpg,193
PER-114,Brand15 Pulse Desk Mat XXL,Productivity peripheral,95.23,3,15,https://cdn.neoncart.local/img/per-114.jpg,300
PER-115,Brand14 Aero Desk Mat Mini,Productivity peripheral,173.90,3,14,https://cdn.neoncart.local/img/per-115.jpg,29
PER-116,Brand20 Plus Cable Tray,Productivity peripheral,283.80,3,20,https://cdn.neoncart.local/img/per-116.jpg,105
PER-117,Brand21 Core Cable Hub,Productivity peripheral,85.75,3,21,https://cdn.neoncart.local/img/per-117.jpg,40
PER-118,Brand6 Quantum Mouse Pad RGB,Productivity peripheral,59.41,3,6,https://cdn.neoncart.local/img/per-118.jpg,37
PER-119,Brand6 Pro Headset Stand,Productivity peripheral,127.47,3,6,https://cdn.neoncart.local/img/per-119.jpg,351
PER-120,Brand20 Apex Phone Stand,Productivity peripheral,93.47,3,20,https://cdn.neoncart.local/img/per-120.jpg,117
PER-121,Brand10 Aero Tablet Stand,Productivity peripheral,212.87,3,10,https://cdn.neoncart.local/img/per-121.jpg,231
PER-122,Brand3 Quantum Foot Pedal,Productivity peripheral,276.93,3,3,https://cdn.neoncart.local/img/per-122.jpg,402
PER-123,Brand26 Core Number Pad,Productivity peripheral,132.29,3,26,https://cdn.neoncart.local/img/per-123.jpg,277
PER-124,Brand8 Edge Macro Pad,Productivity peripheral,272.44,3,8,https://cdn.neoncart.local/img/per-124.jpg,422
PER-125,Brand5 Lite Drawing Tablet,Productivity peripheral,26.30,3,5,https://cdn.neoncart.local/img/per-125.jpg,404
PER-126,Brand10 Aero Stylus Pen,Productivity peripheral,136.35,3,10,https://cdn.neoncart.local/img/per-126.jpg,238
PER-127,Brand23 Aero Capture Card,Productivity peripheral,211.92,3,23,https://cdn.neoncart.local/img/per-127.jpg,481
PER-128,Brand9 Apex Stream Deck,Productivity peripheral,135.95,3,9,https://cdn.neoncart.local/img/per-128.jpg,305
PER-129,Brand2 Spark USB Hub 10-port,Productivity peripheral,222.01,3,2,https://cdn.neoncart.local/img/per-129.jpg,308
PER-130,Brand9 Pro USB-C Splitter,Productivity peripheral,35.48,3,9,https://cdn.neoncart.local/img/per-130.jpg,491
PER-131,Brand22 Pro KVM Switch,Productivity peripheral,298.88,3,22,https://cdn.neoncart.local/img/per-131.jpg,343
PER-132,Brand27 Hyper Touch Bar,Productivity peripheral,176.11,3,27,https://cdn.neoncart.local/img/per-132.jpg,389
PER-133,Brand25 Studio Wrist Rest,Productivity peripheral,145.45,3,25,https://cdn.neoncart.local/img/per-133.jpg,332
PER-134,Brand15 Hyper Mouse Bungee,Productivity peripheral,61.63,3,15,https://cdn.neoncart.local/img/per-134.jpg,298
PER-135,Brand14 Apex Cable Clips,Productivity peripheral,290.03,3,14,https://cdn.neoncart.local/img/per-135.jpg,239
PER-136,Brand12 Spark Light Bar,Productivity peripheral,105.66,3,12,https://cdn.neoncart.local/img/per-136.jpg,342
PER-137,Brand4 Studio Document Camera,Productivity peripheral,104.64,3,4,https://cdn.neoncart.local/img/per-137.jpg,354
PER-138,Brand16 Aero Pomodoro Timer,Productivity peripheral,201.15,3,16,https://cdn.neoncart.local/img/per-138.jpg,204
PER-139,Brand27 Max Posture Sensor,Productivity peripheral,140.90,3,27,https://cdn.neoncart.local/img/per-139.jpg,160
PER-046-MOUSE-WIRELESS,Brand9 Wireless Mouse Vivid,Wireless mouse with low-latency receiver,61.03,3,9,https://cdn.neoncart.local/img/per-046-mouse-wireless.jpg,495
PER-047-MOUSE-BLUETOOTH,Brand25 Bluetooth Mouse Slate,Wireless mouse with low-latency receiver,71.54,3,25,https://cdn.neoncart.local/img/per-047-mouse-bluetooth.jpg,262
PER-048-MOUSE-GAMING,Brand27 Esports Mouse Burst,Wireless mouse with low-latency receiver,147.46,3,27,https://cdn.neoncart.local/img/per-048-mouse-gaming.jpg,335
PER-049-MOUSE-ERGO,Brand28 Ergonomic Mouse Cradle,Wireless mouse with low-latency receiver,89.54,3,28,https://cdn.neoncart.local/img/per-049-mouse-ergo.jpg,210
PER-050-MOUSE-VERTICAL,Brand2 Vertical Mouse Arc,Wireless mouse with low-latency receiver,43.39,3,2,https://cdn.neoncart.local/img/per-050-mouse-vertical.jpg,184
PER-051-MOUSE-COMPACT,Brand20 Compact Travel Mouse,Wireless mouse with low-latency receiver,117.34,3,20,https://cdn.neoncart.local/img/per-051-mouse-compact.jpg,319
PER-052-MOUSE-PRO,Brand15 Pro Mouse Quill,Wireless mouse with low-latency receiver,117.80,3,15,https://cdn.neoncart.local/img/per-052-mouse-pro.jpg,103
PER-053-MOUSE-STUDIO,Brand9 Studio Mouse Slate,Wireless mouse with low-latency receiver,90.40,3,9,https://cdn.neoncart.local/img/per-053-mouse-studio.jpg,473
PER-054-MOUSE-KIDS,Brand10 Junior Mouse Mini,Wireless mouse with low-latency receiver,75.96,3,10,https://cdn.neoncart.local/img/per-054-mouse-kids.jpg,356
PER-055-MOUSE-LEFT,Brand16 Left-Hand Mouse Mirror,Wireless mouse with low-latency receiver,34.79,3,16,https://cdn.neoncart.local/img/per-055-mouse-left.jpg,497
SMH-017,Brand21 Quantum Smart Bulb Color,Connected smart-home device,288.72,10,21,https://cdn.neoncart.local/img/smh-017.jpg,158
SMH-018,Brand18 Pro Smart Bulb White,Connected smart-home device,228.86,10,18,https://cdn.neoncart.local/img/smh-018.jpg,46
SMH-019,Brand8 Plus Smart Plug,Connected smart-home device,194.35,10,8,https://cdn.neoncart.local/img/smh-019.jpg,59
SMH-020,Brand21 Edge Smart Switch,Connected smart-home device,208.38,10,21,https://cdn.neoncart.local/img/smh-020.jpg,365
SMH-021,Brand10 Hyper Smart Lock,Connected smart-home device,176.89,10,10,https://cdn.neoncart.local/img/smh-021.jpg,246
SMH-022,Brand16 Quantum Smart Doorbell,Connected smart-home device,192.58,10,16,https://cdn.neoncart.local/img/smh-022.jpg,73
SMH-023,Brand13 Core Smart Thermostat,Connected smart-home device,369.31,10,13,https://cdn.neoncart.local/img/smh-023.jpg,259
SMH-024,Brand24 Edge Smart Hub,Connected smart-home device,347.33,10,24,https://cdn.neoncart.local/img/smh-024.jpg,140
SMH-025,Brand25 Spark Smart Camera Indoor,Connected smart-home device,148.15,10,25,https://cdn.neoncart.local/img/smh-025.jpg,402
SMH-026,Brand17 Hyper Smart Camera Outdoor,Connected smart-home device,330.81,10,17,https://cdn.neoncart.local/img/smh-026.jpg,143
SMH-027,Brand24 Aero Smart Speaker Mini,Connected smart-home device,337.24,10,24,https://cdn.neoncart.local/img/smh-027.jpg,295
SMH-028,Brand22 Apex Smart Speaker Max,Connected smart-home device,347.80,10,22,https://cdn.neoncart.local/img/smh-028.jpg,227
SMH-029,Brand18 Apex Smart Garage,Connected smart-home device,150.15,10,18,https://cdn.neoncart.local/img/smh-029.jpg,281
SMH-030,Brand25 Echo Smart Sprinkler,Connected smart-home device,192.03,10,25,https://cdn.neoncart.local/img/smh-030.jpg,163
SMH-031,Brand28 Core Smart Blind Motor,Connected smart-home device,391.69,10,28,https://cdn.neoncart.local/img/smh-031.jpg,121
SMH-032,Brand19 Echo Smart Smoke Alarm,Connected smart-home device,107.75,10,19,https://cdn.neoncart.local/img/smh-032.jpg,396
SMH-033,Brand14 Max Smart Leak Sensor,Connected smart-home device,139.91,10,14,https://cdn.neoncart.local/img/smh-033.jpg,241
SMH-034,Brand23 Echo Smart Garden,Connected smart-home device,165.71,10,23,https://cdn.neoncart.local/img/smh-034.jpg,338
SMH-035,Brand26 Edge Smart Window Sensor,Connected smart-home device,207.22,10,26,https://cdn.neoncart.local/img/smh-035.jpg,17
SMH-036,Brand5 Astro Smart Door Sensor,Connected smart-home device,349.49,10,5,https://cdn.neoncart.local/img/smh-036.jpg,446
SMH-037,Brand28 Pulse Smart Motion Sensor,Connected smart-home device,56.89,10,28,https://cdn.neoncart.local/img/smh-037.jpg,465
SMH-038,Brand15 Pro Smart Light Strip,Connected smart-home device,293.53,10,15,https://cdn.neoncart.local/img/smh-038.jpg,208
SMH-039,Brand28 Edge Smart Fan,Connected smart-home device,47.43,10,28,https://cdn.neoncart.local/img/smh-039.jpg,399
SMH-040,Brand9 Astro Smart Air Quality,Connected smart-home device,255.84,10,9,https://cdn.neoncart.local/img/smh-040.jpg,202
GAM-013,Brand21 Lite Gaming Chair Apex,Gaming gear for competitive play,1110.74,8,21,https://cdn.neoncart.local/img/gam-013.jpg,435
GAM-014,Brand22 Echo Gaming Chair Rift,Gaming gear for competitive play,1240.76,8,22,https://cdn.neoncart.local/img/gam-014.jpg,319
GAM-015,Brand23 Apex Console Pro,Gaming gear for competitive play,1136.93,8,23,https://cdn.neoncart.local/img/gam-015.jpg,17
GAM-016,Brand20 Lite Console Lite,Gaming gear for competitive play,327.16,8,20,https://cdn.neoncart.local/img/gam-016.jpg,349
GAM-017,Brand30 Aero Handheld Aurora,Gaming gear for competitive play,1295.73,8,30,https://cdn.neoncart.local/img/gam-017.jpg,381
GAM-018,Brand3 Spark Handheld Quasar,Gaming gear for competitive play,1271.49,8,3,https://cdn.neoncart.local/img/gam-018.jpg,388
GAM-019,Brand21 Plus Joystick HOTAS,Gaming gear for competitive play,592.47,8,21,https://cdn.neoncart.local/img/gam-019.jpg,354
GAM-020,Brand10 Pro Pedal Set,Gaming gear for competitive play,87.41,8,10,https://cdn.neoncart.local/img/gam-020.jpg,406
GAM-021,Brand2 Aero Racing Wheel,Gaming gear for competitive play,484.25,8,2,https://cdn.neoncart.local/img/gam-021.jpg,219
GAM-022,Brand5 Quantum VR Headset Glass,Gaming gear for competitive play,703.58,8,5,https://cdn.neoncart.local/img/gam-022.jpg,288
GAM-023,Brand22 Studio VR Headset Pro,Gaming gear for competitive play,244.88,8,22,https://cdn.neoncart.local/img/gam-023.jpg,39
GAM-024,Brand20 Echo VR Trackers,Gaming gear for competitive play,816.03,8,20,https://cdn.neoncart.local/img/gam-024.jpg,122
GAM-025,Brand16 Edge Capture Card 4K,Gaming gear for competitive play,323.88,8,16,https://cdn.neoncart.local/img/gam-025.jpg,325
GAM-026,Brand9 Pulse Streamer Mic,Gaming gear for competitive play,353.26,8,9,https://cdn.neoncart.local/img/gam-026.jpg,3
GAM-027,Brand29 Pulse Streamer Cam,Gaming gear for competitive play,1173.54,8,29,https://cdn.neoncart.local/img/gam-027.jpg,345
GAM-028,Brand18 Studio Streamer Light Ring,Gaming gear for competitive play,122.80,8,18,https://cdn.neoncart.local/img/gam-028.jpg,482
GAM-029,Brand12 Aero Controller Wireless,Gaming gear for competitive play,840.45,8,12,https://cdn.neoncart.local/img/gam-029.jpg,216
GAM-030,Brand23 Hyper Controller Pro,Gaming gear for competitive play,609.18,8,23,https://cdn.neoncart.local/img/gam-030.jpg,153
GAM-031,Brand7 Echo Arcade Stick,Gaming gear for competitive play,1112.74,8,7,https://cdn.neoncart.local/img/gam-031.jpg,53
GAM-032,Brand8 Echo DJ Controller,Gaming gear for competitive play,755.34,8,8,https://cdn.neoncart.local/img/gam-032.jpg,293
GAM-033,Brand10 Aero MIDI Controller,Gaming gear for competitive play,56.86,8,10,https://cdn.neoncart.local/img/gam-033.jpg,423
GAM-034,Brand22 Echo Foot Switch,Gaming gear for competitive play,377.59,8,22,https://cdn.neoncart.local/img/gam-034.jpg,288
GAM-035,Brand28 Max Backpack Esports,Gaming gear for competitive play,1185.48,8,28,https://cdn.neoncart.local/img/gam-035.jpg,380
GAM-036,Brand16 Aero Tournament Case,Gaming gear for competitive play,1014.19,8,16,https://cdn.neoncart.local/img/gam-036.jpg,116
CAB-017,Brand20 Nano USB-C to USB-C 1m,High-quality cable,24.96,9,20,https://cdn.neoncart.local/img/cab-017.jpg,96
CAB-018,Brand20 Hyper USB-C to USB-C 2m,High-quality cable,62.58,9,20,https://cdn.neoncart.local/img/cab-018.jpg,368
CAB-019,Brand25 Edge USB-C to USB-A 1m,High-quality cable,58.52,9,25,https://cdn.neoncart.local/img/cab-019.jpg,461
CAB-020,Brand21 Max USB-C to USB-A 2m,High-quality cable,32.33,9,21,https://cdn.neoncart.local/img/cab-020.jpg,224
CAB-021,Brand2 Nano Lightning to USB-C,High-quality cable,67.05,9,2,https://cdn.neoncart.local/img/cab-021.jpg,45
CAB-022,Brand30 Aero Lightning to USB-A,High-quality cable,33.79,9,30,https://cdn.neoncart.local/img/cab-022.jpg,211
CAB-023,Brand6 Core HDMI 2.1 1m,High-quality cable,17.84,9,6,https://cdn.neoncart.local/img/cab-023.jpg,275
CAB-024,Brand29 Nano HDMI 2.1 2m,High-quality cable,50.53,9,29,https://cdn.neoncart.local/img/cab-024.jpg,466
CAB-025,Brand9 Studio HDMI 2.1 3m,High-quality cable,28.07,9,9,https://cdn.neoncart.local/img/cab-025.jpg,421
CAB-026,Brand16 Aero DisplayPort 1.4 2m,High-quality cable,68.22,9,16,https://cdn.neoncart.local/img/cab-026.jpg,172
CAB-027,Brand26 Plus DisplayPort 2.1 2m,High-quality cable,45.40,9,26,https://cdn.neoncart.local/img/cab-027.jpg,37
CAB-028,Brand5 Quantum Thunderbolt 4 0.8m,High-quality cable,77.53,9,5,https://cdn.neoncart.local/img/cab-028.jpg,369
CAB-029,Brand22 Echo Thunderbolt 4 2m,High-quality cable,86.32,9,22,https://cdn.neoncart.local/img/cab-029.jpg,410
CAB-030,Brand18 Nano Ethernet Cat6 1m,High-quality cable,14.40,9,18,https://cdn.neoncart.local/img/cab-030.jpg,201
CAB-031,Brand1 Hyper Ethernet Cat6 3m,High-quality cable,51.00,9,1,https://cdn.neoncart.local/img/cab-031.jpg,231
CAB-032,Brand12 Hyper Ethernet Cat8 3m,High-quality cable,54.93,9,12,https://cdn.neoncart.local/img/cab-032.jpg,420
CAB-033,Brand21 Nano Optical TOSLINK 2m,High-quality cable,15.88,9,21,https://cdn.neoncart.local/img/cab-033.jpg,118
CAB-034,Brand16 Pro 3.5mm Audio 1m,High-quality cable,57.80,9,16,https://cdn.neoncart.local/img/cab-034.jpg,481
CAB-035,Brand18 Astro 3.5mm Audio Coiled,High-quality cable,82.05,9,18,https://cdn.neoncart.local/img/cab-035.jpg,112
CAB-036,Brand21 Lite USB-C Magnetic Adapter,High-quality cable,59.10,9,21,https://cdn.neoncart.local/img/cab-036.jpg,236
CAB-037,Brand30 Aero USB-C to MagSafe,High-quality cable,60.24,9,30,https://cdn.neoncart.local/img/cab-037.jpg,58
CAB-038,Brand5 Max USB-A to Mini-B,High-quality cable,84.59,9,5,https://cdn.neoncart.local/img/cab-038.jpg,154
CAB-039,Brand16 Plus USB-A to Micro-B,High-quality cable,14.97,9,16,https://cdn.neoncart.local/img/cab-039.jpg,453
CAB-040,Brand18 Edge USB-C Right Angle,High-quality cable,38.87,9,18,https://cdn.neoncart.local/img/cab-040.jpg,188
DSP-021,Brand22 Spark Monitor 24 FHD,High-refresh-rate display,1802.29,11,22,https://cdn.neoncart.local/img/dsp-021.jpg,371
DSP-022,Brand5 Spark Monitor 27 QHD,High-refresh-rate display,1998.27,11,5,https://cdn.neoncart.local/img/dsp-022.jpg,425
DSP-023,Brand16 Spark Monitor 27 4K,High-refresh-rate display,2822.25,11,16,https://cdn.neoncart.local/img/dsp-023.jpg,142
DSP-024,Brand2 Nano Monitor 32 4K,High-refresh-rate display,729.08,11,2,https://cdn.neoncart.local/img/dsp-024.jpg,226
DSP-025,Brand8 Nano Monitor 34 UWQHD,High-refresh-rate display,387.13,11,8,https://cdn.neoncart.local/img/dsp-025.jpg,350
DSP-026,Brand12 Nano Monitor 38 UWQHD+,High-refresh-rate display,274.60,11,12,https://cdn.neoncart.local/img/dsp-026.jpg,140
DSP-027,Brand7 Plus Monitor 49 DQHD,High-refresh-rate display,2851.13,11,7,https://cdn.neoncart.local/img/dsp-027.jpg,420
DSP-028,Brand15 Lite OLED 27 240Hz,High-refresh-rate display,2021.03,11,15,https://cdn.neoncart.local/img/dsp-028.jpg,327
DSP-029,Brand21 Pro OLED 34 165Hz,High-refresh-rate display,245.68,11,21,https://cdn.neoncart.local/img/dsp-029.jpg,169
DSP-030,Brand8 Edge OLED 42,High-refresh-rate display,2381.24,11,8,https://cdn.neoncart.local/img/dsp-030.jpg,104
DSP-031,Brand3 Core Portable Monitor 15,High-refresh-rate display,1799.51,11,3,https://cdn.neoncart.local/img/dsp-031.jpg,415
DSP-032,Brand28 Quantum Portable Monitor 17,High-refresh-rate display,1051.82,11,28,https://cdn.neoncart.local/img/dsp-032.jpg,74
DSP-033,Brand26 Pro Touch Monitor 24,High-refresh-rate display,903.10,11,26,https://cdn.neoncart.local/img/dsp-033.jpg,73
DSP-034,Brand5 Hyper Pen Display 16,High-refresh-rate display,2414.69,11,5,https://cdn.neoncart.local/img/dsp-034.jpg,55
DSP-035,Brand22 Pro Pen Display 22,High-refresh-rate display,481.23,11,22,https://cdn.neoncart.local/img/dsp-035.jpg,182
DSP-036,Brand26 Quantum Studio Reference 27,High-refresh-rate display,1806.67,11,26,https://cdn.neoncart.local/img/dsp-036.jpg,7
DSP-037,Brand6 Hyper Studio Reference 32,High-refresh-rate display,250.96,11,6,https://cdn.neoncart.local/img/dsp-037.jpg,378
DSP-038,Brand14 Plus Mini Display 7,High-refresh-rate display,2261.43,11,14,https://cdn.neoncart.local/img/dsp-038.jpg,242
WAT-015,Brand15 Nano Watch Sport,Smart wearable with health sensors,551.18,6,15,https://cdn.neoncart.local/img/wat-015.jpg,54
WAT-016,Brand15 Quantum Watch Active,Smart wearable with health sensors,948.78,6,15,https://cdn.neoncart.local/img/wat-016.jpg,21
WAT-017,Brand24 Aero Watch Trail,Smart wearable with health sensors,500.40,6,24,https://cdn.neoncart.local/img/wat-017.jpg,492
WAT-018,Brand1 Max Watch Steel,Smart wearable with health sensors,997.70,6,1,https://cdn.neoncart.local/img/wat-018.jpg,432
WAT-019,Brand13 Spark Watch Lite,Smart wearable with health sensors,710.21,6,13,https://cdn.neoncart.local/img/wat-019.jpg,250
WAT-020,Brand23 Pulse Watch Pro,Smart wearable with health sensors,146.61,6,23,https://cdn.neoncart.local/img/wat-020.jpg,40
WAT-021,Brand11 Edge Watch GPS,Smart wearable with health sensors,139.43,6,11,https://cdn.neoncart.local/img/wat-021.jpg,139
WAT-022,Brand20 Astro Watch Ultra,Smart wearable with health sensors,429.43,6,20,https://cdn.neoncart.local/img/wat-022.jpg,304
WAT-023,Brand17 Aero Watch Mini,Smart wearable with health sensors,496.42,6,17,https://cdn.neoncart.local/img/wat-023.jpg,308
WAT-024,Brand14 Plus Watch Classic,Smart wearable with health sensors,808.65,6,14,https://cdn.neoncart.local/img/wat-024.jpg,57
WAT-025,Brand28 Core Watch Diver,Smart wearable with health sensors,474.66,6,28,https://cdn.neoncart.local/img/wat-025.jpg,453
WAT-026,Brand8 Spark Watch Aviator,Smart wearable with health sensors,390.82,6,8,https://cdn.neoncart.local/img/wat-026.jpg,231
WAT-027,Brand13 Spark Watch Kids,Smart wearable with health sensors,750.24,6,13,https://cdn.neoncart.local/img/wat-027.jpg,159
WAT-028,Brand14 Astro Watch Pulse,Smart wearable with health sensors,690.90,6,14,https://cdn.neoncart.local/img/wat-028.jpg,190
WAT-029,Brand5 Apex Watch Solar,Smart wearable with health sensors,140.76,6,5,https://cdn.neoncart.local/img/wat-029.jpg,424
WAT-030,Brand3 Lite Watch Hybrid,Smart wearable with health sensors,476.33,6,3,https://cdn.neoncart.local/img/wat-030.jpg,380
STG-019,Brand24 Nano Portable SSD 500GB,High-speed storage,814.53,12,24,https://cdn.neoncart.local/img/stg-019.jpg,283
STG-020,Brand2 Astro Portable SSD 1TB,High-speed storage,675.61,12,2,https://cdn.neoncart.local/img/stg-020.jpg,209
STG-021,Brand12 Spark Portable SSD 2TB,High-speed storage,869.73,12,12,https://cdn.neoncart.local/img/stg-021.jpg,368
STG-022,Brand2 Aero Internal NVMe 1TB,High-speed storage,607.40,12,2,https://cdn.neoncart.local/img/stg-022.jpg,179
STG-023,Brand4 Core Internal NVMe 2TB,High-speed storage,170.64,12,4,https://cdn.neoncart.local/img/stg-023.jpg,245
STG-024,Brand8 Plus Internal NVMe 4TB,High-speed storage,362.11,12,8,https://cdn.neoncart.local/img/stg-024.jpg,283
STG-025,Brand12 Plus External HDD 4TB,High-speed storage,766.35,12,12,https://cdn.neoncart.local/img/stg-025.jpg,292
STG-026,Brand8 Spark External HDD 8TB,High-speed storage,847.25,12,8,https://cdn.neoncart.local/img/stg-026.jpg,497
STG-027,Brand25 Pro External HDD 12TB,High-speed storage,615.82,12,25,https://cdn.neoncart.local/img/stg-027.jpg,335
STG-028,Brand27 Hyper RAID Enclosure 2-Bay,High-speed storage,47.37,12,27,https://cdn.neoncart.local/img/stg-028.jpg,138
STG-029,Brand23 Aero RAID Enclosure 4-Bay,High-speed storage,922.11,12,23,https://cdn.neoncart.local/img/stg-029.jpg,178
STG-030,Brand1 Studio CFexpress 128GB,High-speed storage,871.47,12,1,https://cdn.neoncart.local/img/stg-030.jpg,288
STG-031,Brand22 Echo CFexpress 256GB,High-speed storage,87.19,12,22,https://cdn.neoncart.local/img/stg-031.jpg,378
STG-032,Brand21 Pro USB Drive 256GB,High-speed storage,108.92,12,21,https://cdn.neoncart.local/img/stg-032.jpg,270
ELC-011,Brand7 Echo AR Glasses Lite,Consumer electronics gadget,646.15,1,7,https://cdn.neoncart.local/img/elc-011.jpg,173
ELC-012,Brand6 Nano Smart Ring,Consumer electronics gadget,487.11,1,6,https://cdn.neoncart.local/img/elc-012.jpg,165
ELC-013,Brand25 Lite Pocket Projector,Consumer electronics gadget,1327.51,1,25,https://cdn.neoncart.local/img/elc-013.jpg,78
ELC-014,Brand6 Max Mini Drone,Consumer electronics gadget,1019.73,1,6,https://cdn.neoncart.local/img/elc-014.jpg,138
ELC-015,Brand15 Spark Action Cam,Consumer electronics gadget,742.92,1,15,https://cdn.neoncart.local/img/elc-015.jpg,225
ELC-016,Brand14 Hyper Gimbal Stabilizer,Consumer electronics gadget,345.89,1,14,https://cdn.neoncart.local/img/elc-016.jpg,261
ELC-017,Brand4 Nano Ring Light Pro,Consumer electronics gadget,660.97,1,4,https://cdn.neoncart.local/img/elc-017.jpg,144
ELC-018,Brand22 Apex Studio Light Panel,Consumer electronics gadget,803.59,1,22,https://cdn.neoncart.local/img/elc-018.jpg,156
ELC-019,Brand2 Quantum Bluetooth Tracker 4-pack,Consumer electronics gadget,610.04,1,2,https://cdn.neoncart.local/img/elc-019.jpg,305
ELC-020,Brand2 Pro Bluetooth Tracker 8-pack,Consumer electronics gadget,329.50,1,2,https://cdn.neoncart.local/img/elc-020.jpg,483
ELC-021,Brand7 Edge Translator Earbuds,Consumer electronics gadget,1152.32,1,7,https://cdn.neoncart.local/img/elc-021.jpg,147
ELC-022,Brand11 Plus Pet Camera,Consumer electronics gadget,40.36,1,11,https://cdn.neoncart.local/img/elc-022.jpg,381
ELC-023,Brand14 Studio Sleep Tracker Pad,Consumer electronics gadget,218.90,1,14,https://cdn.neoncart.local/img/elc-023.jpg,271
ELC-024,Brand23 Quantum Posture Trainer,Consumer electronics gadget,764.39,1,23,https://cdn.neoncart.local/img/elc-024.jpg,425
ELC-025,Brand22 Nano Foot Massager,Consumer electronics gadget,134.95,1,22,https://cdn.neoncart.local/img/elc-025.jpg,440
ELC-026,Brand24 Max UV Sanitizer Box,Consumer electronics gadget,670.24,1,24,https://cdn.neoncart.local/img/elc-026.jpg,234
DSK-009,Brand30 Lite Standing Desk 48,Desk furniture and accessories,777.66,7,30,https://cdn.neoncart.local/img/dsk-009.jpg,293
DSK-010,Brand14 Echo Standing Desk 60,Desk furniture and accessories,643.36,7,14,https://cdn.neoncart.local/img/dsk-010.jpg,212
DSK-011,Brand10 Plus Standing Desk 72,Desk furniture and accessories,375.43,7,10,https://cdn.neoncart.local/img/dsk-011.jpg,493
DSK-012,Brand11 Studio Desk Riser Manual,Desk furniture and accessories,724.16,7,11,https://cdn.neoncart.local/img/dsk-012.jpg,315
DSK-013,Brand15 Nano Desk Riser Electric,Desk furniture and accessories,96.55,7,15,https://cdn.neoncart.local/img/dsk-013.jpg,431
DSK-014,Brand4 Quantum Desk Cable Tray,Desk furniture and accessories,402.40,7,4,https://cdn.neoncart.local/img/dsk-014.jpg,204
DSK-015,Brand17 Lite Under-Desk Drawer,Desk furniture and accessories,367.27,7,17,https://cdn.neoncart.local/img/dsk-015.jpg,157
DSK-016,Brand24 Astro Desk Shelf Bamboo,Desk furniture and accessories,213.98,7,24,https://cdn.neoncart.local/img/dsk-016.jpg,397
DSK-017,Brand6 Lite Desk Shelf Walnut,Desk furniture and accessories,468.23,7,6,https://cdn.neoncart.local/img/dsk-017.jpg,57
DSK-018,Brand17 Core Desk Bookend Steel,Desk furniture and accessories,816.21,7,17,https://cdn.neoncart.local/img/dsk-018.jpg,177
DSK-019,Brand12 Edge Desk Footrest,Desk furniture and accessories,226.92,7,12,https://cdn.neoncart.local/img/dsk-019.jpg,73
DSK-020,Brand9 Core Desk Headset Mount,Desk furniture and accessories,171.68,7,9,https://cdn.neoncart.local/img/dsk-020.jpg,77
ACC-017,Brand25 Lite Laptop Sleeve 13,Carrying and protection accessory,59.74,7,25,https://cdn.neoncart.local/img/acc-017.jpg,394
ACC-018,Brand21 Apex Laptop Sleeve 15,Carrying and protection accessory,125.71,7,21,https://cdn.neoncart.local/img/acc-018.jpg,287
ACC-019,Brand25 Pulse Laptop Sleeve 16,Carrying and protection accessory,175.66,7,25,https://cdn.neoncart.local/img/acc-019.jpg,450
ACC-020,Brand19 Astro Phone Wallet Slim,Carrying and protection accessory,217.78,7,19,https://cdn.neoncart.local/img/acc-020.jpg,320
ACC-021,Brand11 Edge Phone Wallet Pro,Carrying and protection accessory,120.15,7,11,https://cdn.neoncart.local/img/acc-021.jpg,239
ACC-022,Brand15 Aero Tablet Folio,Carrying and protection accessory,202.16,7,15,https://cdn.neoncart.local/img/acc-022.jpg,301
ACC-023,Brand2 Nano Travel Pouch,Carrying and protection accessory,135.69,7,2,https://cdn.neoncart.local/img/acc-023.jpg,157
ACC-024,Brand15 Pulse Cable Organizer Roll,Carrying and protection accessory,27.65,7,15,https://cdn.neoncart.local/img/acc-024.jpg,187
ACC-025,Brand27 Aero Tech Backpack Lite,Carrying and protection accessory,36.65,7,27,https://cdn.neoncart.local/img/acc-025.jpg,441
ACC-026,Brand28 Lite Tech Backpack Pro,Carrying and protection accessory,160.45,7,28,https://cdn.neoncart.local/img/acc-026.jpg,258
